country name,countryid,coef not urban,SE not urban,coef urban,se urban,diff,se diff,p-value,year,Urban significantly better,Urban significantly worse,No signficant difference
ALB,8,416.6687861,2.669075913,450.0475761,7.212697848,33.37879,7.618095921,1.17858E-05,2015,TRUE,FALSE,FALSE
DZA,12,371.0871939,2.770821605,396.7260449,9.512143407,25.63885097,10.32761501,0.013044468,2015,TRUE,FALSE,FALSE
AZE,31,,,,,,,,2015,N/A,N/A,N/A
ARG,32,,,,,,,,2015,N/A,N/A,N/A
AUS,36,490.096307,3.091529944,519.531992,2.402579935,29.43568503,4.266209229,5.21021E-12,2015,TRUE,FALSE,FALSE
AUT,40,495.6486114,3.188108355,494.7969894,7.261268679,-0.85162196,9.01999755,0.924779598,2015,FALSE,FALSE,TRUE
BEL,56,513.759421,3.355353507,478.3181422,8.438277046,-35.44127883,10.39601093,0.000651721,2015,FALSE,TRUE,FALSE
BRA,76,389.6582695,3.288859691,418.581339,4.285751275,28.92306946,5.655203939,3.14712E-07,2015,TRUE,FALSE,FALSE
BGR,100,426.2981028,5.854412418,475.3831977,8.122790806,49.08509487,10.79584896,5.4503E-06,2015,TRUE,FALSE,FALSE
CAN,124,520.7257912,2.619248112,536.4025679,3.188549981,15.67677677,4.002079216,8.9599E-05,2015,TRUE,FALSE,FALSE
CHL,152,426.7931528,5.698589279,458.6003532,3.665135754,31.80720035,7.470604534,2.06589E-05,2015,TRUE,FALSE,FALSE
QCN,156,,,,,,,,2015,N/A,N/A,N/A
TAP,158,497.4178161,4.56819645,555.7132922,3.93251106,58.29547609,6.739960738,5.18477E-18,2015,TRUE,FALSE,FALSE
COL,170,402.4972253,4.478558501,432.3098696,3.573793437,29.81264435,5.974941892,6.05006E-07,2015,TRUE,FALSE,FALSE
CRI,188,419.9461659,2.256489055,413.05285,7.132576816,-6.893315977,7.738809345,0.373065277,2015,FALSE,FALSE,TRUE
HRV,191,464.7385322,3.396159654,491.7710002,5.192782475,27.03246798,6.807604173,7.15949E-05,2015,TRUE,FALSE,FALSE
CZE,203,483.5614708,3.056772924,525.3435797,5.176181102,41.78210887,6.889222109,1.32076E-09,2015,TRUE,FALSE,FALSE
DNK,208,500.8722754,2.779204036,507.7379137,5.680235532,6.865638288,6.382023231,0.282026687,2015,FALSE,FALSE,TRUE
DOM,214,322.5783816,3.212360472,363.6411694,8.189607873,41.06278775,9.183363432,7.76975E-06,2015,TRUE,FALSE,FALSE
EST,233,529.722739,2.550599716,545.3038893,4.554979337,15.58115035,5.505254134,0.004651416,2015,TRUE,FALSE,FALSE
FIN,246,526.2748196,2.304474747,540.3901927,6.050458421,14.11537308,6.502047603,0.029937826,2015,TRUE,FALSE,FALSE
FRA,250,491.8723284,3.6739468,505.2568095,8.301368377,13.38448107,10.90904987,0.219854397,2015,FALSE,FALSE,TRUE
GEO,268,394.6839681,2.975548588,434.0113294,4.539898837,39.32736128,5.524549433,1.08985E-12,2015,TRUE,FALSE,FALSE
DEU,276,510.596718,4.349692091,508.5385156,9.859878719,-2.058202358,12.28720405,0.866970521,2015,FALSE,FALSE,TRUE
GRC,300,444.2092533,5.391075441,477.1343966,6.123034144,32.9251433,8.544623443,0.000116528,2015,TRUE,FALSE,FALSE
HKG,344,0,,523.2774478,2.547227967,0,,,2015,N/A,N/A,N/A
HUN,348,460.9041752,4.927925677,497.076302,5.109852025,36.17212686,8.461538854,1.91234E-05,2015,TRUE,FALSE,FALSE
ISL,352,470.5546871,1.875751822,478.8959441,3.362288794,8.341257015,3.768210342,0.026857283,2015,TRUE,FALSE,FALSE
QHP,356,,,,,,,,2015,N/A,N/A,N/A
IDN,360,397.5538123,2.950685299,438.4050373,8.313133829,40.85122501,9.073893743,6.72976E-06,2015,TRUE,FALSE,FALSE
IRL,372,498.5562816,2.77373262,514.8741947,5.6589917,16.31791303,6.278648077,0.00935085,2015,TRUE,FALSE,FALSE
ISR,376,463.4814479,5.033718577,470.8816107,7.128185558,7.400162775,9.824708988,0.451318,2015,FALSE,FALSE,TRUE
ITA,380,476.8559973,3.898394649,503.2361301,7.290271879,26.3801328,9.005033503,0.003395215,2015,TRUE,FALSE,FALSE
JPN,392,524.9213367,6.834839898,543.537761,4.106899318,18.61642436,8.829173763,0.034986672,2015,TRUE,FALSE,FALSE
KAZ,398,,,,,,,,2015,N/A,N/A,N/A
JOR,400,402.3447705,3.746831808,420.5322136,4.698086173,18.1874431,6.507207223,0.005190468,2015,TRUE,FALSE,FALSE
KOR,410,511.7715347,11.09743157,516.510666,3.386242489,4.739131318,11.99093429,0.692675963,2015,FALSE,FALSE,TRUE
KSV,411,372.7949715,1.659766014,394.7264543,3.179615912,21.93148285,3.114708069,1.90503E-12,2015,TRUE,FALSE,FALSE
KGZ,417,,,,,,,,2015,N/A,N/A,N/A
LBN,422,379.5662489,3.940535828,414.4714645,9.591229588,34.90521559,10.76147465,0.001180565,2015,TRUE,FALSE,FALSE
LVA,428,482.86311,2.096114356,509.5324486,3.179511808,26.66933861,4.077415795,6.1213E-11,2015,TRUE,FALSE,FALSE
LIE,438,,,,,,,,2015,N/A,N/A,N/A
LTU,440,460.8396326,2.619939262,499.3116568,6.038971246,38.47202419,6.860339067,2.04809E-08,2015,TRUE,FALSE,FALSE
LUX,442,463.3116206,1.524422234,508.9008036,1.477676882,45.58918304,2.036527646,5.4196E-111,2015,TRUE,FALSE,FALSE
MAC,446,0,,528.9678678,1.055082196,0,,,2015,N/A,N/A,N/A
MYS,458,,,,,,,,2015,N/A,N/A,N/A
MLT,470,465.032875,1.655381778,0,,0,,,2015,N/A,N/A,N/A
MUS,480,,,,,,,,2015,N/A,N/A,N/A
MEX,484,400.5143267,3.184881502,432.4840679,3.007253996,31.96974119,4.344110356,1.84836E-13,2015,TRUE,FALSE,FALSE
MDA,498,420.2718901,2.588102682,463.7007295,5.934915292,43.42883948,7.056301717,7.52588E-10,2015,TRUE,FALSE,FALSE
MNE,499,407.7031272,1.237643778,418.9510451,2.146770056,11.24791785,2.585414523,1.3581E-05,2015,TRUE,FALSE,FALSE
NLD,528,503.1005737,5.956419421,516.834161,13.51946897,13.73358734,16.66343668,0.40984015,2015,FALSE,FALSE,TRUE
NZL,554,505.094232,4.098364751,524.9110361,4.255389851,19.81680403,6.321505665,0.001719576,2015,TRUE,FALSE,FALSE
NOR,578,495.8923694,2.493376194,510.0840495,5.464820914,14.19168014,6.110569544,0.020207064,2015,TRUE,FALSE,FALSE
PAN,591,,,,,,,,2015,N/A,N/A,N/A
PER,604,392.1812801,2.861986057,424.6351465,7.859716121,32.45386642,8.871362326,0.00025392,2015,TRUE,FALSE,FALSE
POL,616,492.4329707,3.004447934,526.3370497,5.749632954,33.90407901,6.545431563,2.22114E-07,2015,TRUE,FALSE,FALSE
PRT,620,493.6058719,2.806650767,528.4635393,6.108183149,34.85766733,7.068622427,8.16741E-07,2015,TRUE,FALSE,FALSE
QUD,630,,,,,,,,2015,N/A,N/A,N/A
QAT,634,397.5641906,1.34992955,437.5681614,1.301305808,40.00397076,1.739671817,5.2154E-117,2015,TRUE,FALSE,FALSE
ROU,642,423.9217136,3.652672346,460.2328481,6.816474393,36.31113451,8.254024834,1.08649E-05,2015,TRUE,FALSE,FALSE
RUS,643,470.9071927,3.264572887,501.9909381,3.835381457,31.08374539,4.318250457,6.10007E-13,2015,TRUE,FALSE,FALSE
SRB,688,,,,,,,,2015,N/A,N/A,N/A
SGP,702,0,,556.1942922,1.338482834,0,,,2015,N/A,N/A,N/A
SVK,703,454.8953155,2.484281978,502.4184942,9.05693111,47.52317865,9.071123708,1.61491E-07,2015,TRUE,FALSE,FALSE
VNM,704,514.6241928,3.839082968,553.3404289,9.465578778,38.71623609,9.775183717,7.47411E-05,2015,TRUE,FALSE,FALSE
SVN,705,509.3311915,1.394883095,525.810191,3.267505808,16.47899952,3.456910057,1.87014E-06,2015,TRUE,FALSE,FALSE
ESP,724,488.966319,2.418512733,500.3085493,4.569209075,11.34223026,5.282518858,0.031783302,2015,TRUE,FALSE,FALSE
SWE,752,,,,,,,,2015,N/A,N/A,N/A
CHE,756,500.9180199,3.983235534,519.1844495,8.424539742,18.26642956,10.18777592,0.07297689,2015,FALSE,FALSE,TRUE
THA,764,413.9788572,3.221614485,451.649985,7.319247225,37.67112778,8.278566842,5.35337E-06,2015,TRUE,FALSE,FALSE
TTO,780,422.5056607,1.576987195,0,,0,,,2015,N/A,N/A,N/A
ARE,784,406.9040603,5.68781301,453.9352857,3.547876718,47.03122539,7.054716324,2.61733E-11,2015,TRUE,FALSE,FALSE
TUN,788,377.9674068,2.948896708,406.7534185,6.95075667,28.7860117,7.906062957,0.000271576,2015,TRUE,FALSE,FALSE
TUR,792,419.471035,8.621813349,429.7206665,4.431190889,10.24963143,10.24816631,0.317241327,2015,FALSE,FALSE,TRUE
MKD,807,378.6835362,1.746639934,383.0614598,1.858764932,4.377923521,2.542662257,0.08510806,2015,FALSE,FALSE,TRUE
GBR,826,517.0678164,3.348387621,489.0061097,7.360953596,-28.06170669,8.340867343,0.000767205,2015,FALSE,TRUE,FALSE
USA,840,505.4769624,3.33440163,482.4555454,6.893038841,-23.02141703,8.219503022,0.005097162,2015,FALSE,TRUE,FALSE
URY,858,423.5864965,2.97564096,453.5342771,5.007044761,29.94778055,6.334335137,2.26911E-06,2015,TRUE,FALSE,FALSE
QVE,862,,,,,,,,2015,N/A,N/A,N/A
QCH,970,492.1353134,6.962765323,565.0715392,6.943399727,72.93622577,10.42545726,2.63423E-12,2015,TRUE,FALSE,FALSE
QES,971,490.0651581,1.567153849,502.7917808,3.049597151,12.72662274,3.665048568,0.00051577,2015,TRUE,FALSE,FALSE
QUC,972,,,,,,,,2015,N/A,N/A,N/A
QUE,973,,,,,,,,2015,N/A,N/A,N/A
QAR,974,0,,476.9706702,6.66795608,0,,,2015,N/A,N/A,N/A
ALB,8,393.4127218,2.744342618,407.0801275,5.141062875,13.66740569,5.717078003,0.016819594,2012,TRUE,FALSE,FALSE
DZA,12,,,,,,,,2012,N/A,N/A,N/A
AZE,31,,,,,,,,2012,N/A,N/A,N/A
ARG,32,399.706029,5.171638386,415.0277962,6.338086536,15.32176722,8.243233438,0.063068482,2012,FALSE,FALSE,TRUE
AUS,36,505.9369344,2.86336761,529.7938834,2.059975346,23.85694896,3.43650448,3.86002E-12,2012,TRUE,FALSE,FALSE
AUT,40,503.7166198,3.776843995,509.7410871,7.198410673,6.024467366,9.355560889,0.519611051,2012,FALSE,FALSE,TRUE
BEL,56,509.5949487,2.827129299,489.4386702,8.728705488,-20.15627849,10.34082986,0.051272319,2012,FALSE,FALSE,TRUE
BRA,76,386.2370019,2.761728662,418.6165896,3.697448888,32.37958776,4.923646265,4.82159E-11,2012,TRUE,FALSE,FALSE
BGR,100,427.7224199,5.460398842,479.4619819,9.365312629,51.73956198,10.85048083,1.85684E-06,2012,TRUE,FALSE,FALSE
CAN,124,522.4410117,1.943661869,528.0352858,3.294826606,5.594274086,3.931941203,0.154800916,2012,FALSE,FALSE,TRUE
CHL,152,434.6182112,5.267228715,451.5391021,4.067380619,16.92089096,7.227583786,0.019224205,2012,TRUE,FALSE,FALSE
QCN,156,0,,580.1178308,3.03371259,0,,,2012,N/A,N/A,N/A
TAP,158,502.721645,3.626900106,536.0629546,2.922618976,33.34130965,4.701895265,1.33111E-12,2012,TRUE,FALSE,FALSE
COL,170,385.4523267,5.524289781,409.2542192,4.128198235,23.8018925,7.09818381,0.000798723,2012,TRUE,FALSE,FALSE
CRI,188,426.8386614,3.536481976,443.8996192,8.660966499,17.06095778,9.84081792,0.082972558,2012,FALSE,FALSE,TRUE
HRV,191,481.5452603,3.176409427,508.0734308,6.60935486,26.52817048,7.554198772,0.00044523,2012,TRUE,FALSE,FALSE
CZE,203,505.5056058,4.535175129,513.9746026,6.869743281,8.468996786,8.927274134,0.342790777,2012,FALSE,FALSE,TRUE
DNK,208,498.5503678,3.288494943,495.9782767,8.472066273,-2.572091077,9.522263753,0.78707301,2012,FALSE,FALSE,TRUE
DOM,214,,,,,,,,2012,N/A,N/A,N/A
EST,233,535.3757893,2.194848061,555.337966,3.619502782,19.96217666,4.108115507,1.17858E-06,2012,TRUE,FALSE,FALSE
FIN,246,544.3460956,2.662702912,547.6284882,3.344088369,3.282392536,4.128379444,0.426566882,2012,FALSE,FALSE,TRUE
FRA,250,498.2874969,4.014332922,505.9817891,11.51343154,7.694292159,14.03993898,0.583672067,2012,FALSE,FALSE,TRUE
GEO,268,,,,,,,,2012,N/A,N/A,N/A
DEU,276,523.268354,4.336776068,523.3497087,9.551378628,0.081354701,11.49420127,0.994352707,2012,FALSE,FALSE,TRUE
GRC,300,459.5711431,3.82596241,483.2399624,7.113177782,23.66881936,8.655075789,0.006244189,2012,TRUE,FALSE,FALSE
HKG,344,0,,554.9374344,2.609193887,0,,,2012,N/A,N/A,N/A
HUN,348,485.6042443,5.364120076,509.3002404,7.530839765,23.6959961,11.36729566,0.03710777,2012,TRUE,FALSE,FALSE
ISL,352,473.5725497,2.097004776,487.8183031,3.805995079,14.24575349,3.831843161,0.000201022,2012,TRUE,FALSE,FALSE
QHP,356,,,,,,,,2012,N/A,N/A,N/A
IDN,360,375.0812222,4.45843186,408.5072756,8.316999417,33.42605335,9.872754154,0.000710004,2012,TRUE,FALSE,FALSE
IRL,372,523.5545765,2.700430515,517.7487917,6.586701773,-5.805784827,7.560076278,0.442514985,2012,FALSE,FALSE,TRUE
ISR,376,463.9761107,5.207534752,478.1557491,10.23930789,14.1796384,11.7693059,0.228281221,2012,FALSE,FALSE,TRUE
ITA,380,491.2212917,2.549809944,503.9124199,4.204261622,12.69112821,5.197571706,0.014616595,2012,TRUE,FALSE,FALSE
JPN,392,526.8425879,7.33656423,554.2382105,5.007850221,27.39562262,9.999766173,0.006150907,2012,TRUE,FALSE,FALSE
KAZ,398,414.2649915,3.894949925,438.4133802,6.394683963,24.14838867,8.210251283,0.003268923,2012,TRUE,FALSE,FALSE
JOR,400,396.6385668,4.664897387,426.5028194,4.973253086,29.86425262,7.347017117,4.80709E-05,2012,TRUE,FALSE,FALSE
KOR,410,524.4110382,10.79499927,539.9414065,3.828732887,15.53036831,11.42020015,0.173860514,2012,FALSE,FALSE,TRUE
KSV,411,,,,,,,,2012,N/A,N/A,N/A
KGZ,417,,,,,,,,2012,N/A,N/A,N/A
LBN,422,,,,,,,,2012,N/A,N/A,N/A
LVA,428,495.9530322,3.086333472,516.0423208,5.698673251,20.08928862,6.534175839,0.002108595,2012,TRUE,FALSE,FALSE
LIE,438,524.6949923,3.547445331,0,,0,,,2012,N/A,N/A,N/A
LTU,440,485.3554865,3.297574632,512.9486602,3.751897097,27.59317374,4.896806512,1.75127E-08,2012,TRUE,FALSE,FALSE
LUX,442,491.2151757,1.304784981,0,,0,,,2012,N/A,N/A,N/A
MAC,446,0,,520.8429003,0.853920432,0,,,2012,N/A,N/A,N/A
MYS,458,414.0433008,3.289173644,434.3530598,7.662715476,20.30975906,8.570170092,0.017796755,2012,TRUE,FALSE,FALSE
MLT,470,,,,,,,,2012,N/A,N/A,N/A
MUS,480,,,,,,,,2012,N/A,N/A,N/A
MEX,484,401.431119,1.840507595,433.246001,1.730748761,31.81488208,2.651591368,3.62185E-33,2012,TRUE,FALSE,FALSE
MDA,498,,,,,,,,2012,N/A,N/A,N/A
MNE,499,406.9067818,1.272028724,417.4787498,2.328761732,10.57196796,2.782412941,0.000144948,2012,TRUE,FALSE,FALSE
NLD,528,519.6052037,5.629745809,517.2393149,11.46008189,-2.365888797,14.57282918,0.871030784,2012,FALSE,FALSE,TRUE
NZL,554,506.0557239,5.026698345,526.7164039,3.449538318,20.66067999,6.802374759,0.002387279,2012,TRUE,FALSE,FALSE
NOR,578,493.4046584,3.757327817,498.8879573,6.845539614,5.483298805,8.120081303,0.499500211,2012,FALSE,FALSE,TRUE
PAN,591,,,,,,,,2012,N/A,N/A,N/A
PER,604,351.1493712,3.902979042,404.8984454,5.755837226,53.74907414,6.738251084,1.50285E-15,2012,TRUE,FALSE,FALSE
POL,616,518.4506103,2.832897283,553.0299405,9.389550084,34.5793302,9.631911346,0.000330577,2012,TRUE,FALSE,FALSE
PRT,620,489.1956793,4.013361548,490.0648858,10.85204545,0.869206495,11.93054726,0.941921072,2012,FALSE,FALSE,TRUE
QUD,630,,,,,,,,2012,N/A,N/A,N/A
QAT,634,359.9895238,1.111041212,409.2938376,1.272850708,49.30431386,1.862523179,2.0485E-154,2012,TRUE,FALSE,FALSE
ROU,642,428.9036107,3.954967578,457.3858675,7.869208935,28.48225686,9.491112899,0.002691479,2012,TRUE,FALSE,FALSE
RUS,643,468.0948501,3.713841151,507.0462675,4.525200961,38.95141745,5.781682001,1.61647E-11,2012,TRUE,FALSE,FALSE
SRB,688,430.1186912,4.786382449,464.4112866,6.163747079,34.29259534,8.271955001,3.38857E-05,2012,TRUE,FALSE,FALSE
SGP,702,0,,552.0879881,1.388963853,0,,,2012,N/A,N/A,N/A
SVK,703,464.5183003,4.130196941,513.3914729,11.15791439,48.87317254,12.47877534,8.98424E-05,2012,TRUE,FALSE,FALSE
VNM,704,519.0391265,4.463650297,557.0129828,9.02709738,37.97385626,9.93040775,0.000131305,2012,TRUE,FALSE,FALSE
SVN,705,509.8646351,1.590568815,526.7379079,2.592302313,16.87327287,3.137971202,7.56834E-08,2012,TRUE,FALSE,FALSE
ESP,724,491.3373343,2.381768544,505.3305851,3.343048376,13.99325077,4.277691088,0.001070862,2012,TRUE,FALSE,FALSE
SWE,752,482.8246426,3.393702894,490.4112942,7.533597758,7.586651689,8.610594786,0.378272709,2012,FALSE,FALSE,TRUE
CHE,756,513.3189976,3.400688423,523.6471516,9.144259417,10.328154,10.50068119,0.325327028,2012,FALSE,FALSE,TRUE
THA,764,433.3032145,3.359765047,466.8213073,6.161468928,33.51809277,7.391979208,5.77711E-06,2012,TRUE,FALSE,FALSE
TTO,780,,,,,,,,2012,N/A,N/A,N/A
ARE,784,428.4659057,4.60608452,461.6870545,3.547530033,33.22114872,5.50732596,1.61768E-09,2012,TRUE,FALSE,FALSE
TUN,788,393.1358903,3.754626757,413.9743031,10.59269246,20.83841277,12.11456312,0.085411974,2012,FALSE,FALSE,TRUE
TUR,792,472.217006,8.84046365,456.6026852,5.279014062,-15.61432078,11.86675485,0.188239913,2012,FALSE,FALSE,TRUE
MKD,807,,,,,,,,2012,N/A,N/A,N/A
GBR,826,515.6852972,4.622085609,517.531057,7.049506851,1.845759832,8.620276311,0.830454722,2012,FALSE,FALSE,TRUE
USA,840,504.2853613,5.240375345,489.3727782,6.598797025,-14.9125831,8.904423646,0.093985506,2012,FALSE,FALSE,TRUE
URY,858,399.4314116,3.690655263,444.4173204,5.81833255,44.98590877,7.295253476,6.98345E-10,2012,TRUE,FALSE,FALSE
QVE,862,,,,,,,,2012,N/A,N/A,N/A
QCH,970,,,,,,,,2012,N/A,N/A,N/A
QES,971,,,,,,,,2012,N/A,N/A,N/A
QUC,972,,,,,,,,2012,N/A,N/A,N/A
QUE,973,,,,,,,,2012,N/A,N/A,N/A
QAR,974,,,,,,,,2012,N/A,N/A,N/A
ALB,8,378.9877883,4.462274494,422.0762377,7.020070222,43.08844943,8.642463962,6.17483E-07,2009,TRUE,FALSE,FALSE
DZA,12,,,,,,,,2009,N/A,N/A,N/A
AZE,31,366.2309587,4.315961786,383.1254508,4.139281042,16.89449211,5.900835828,0.00419561,2009,TRUE,FALSE,FALSE
ARG,32,383.1808586,6.87427136,425.0275805,8.261622153,41.84672198,11.57357109,0.000299521,2009,TRUE,FALSE,FALSE
AUS,36,506.358234,3.602678042,538.5391939,3.761793656,32.18095997,5.606158129,9.45159E-09,2009,TRUE,FALSE,FALSE
AUT,40,493.4936448,4.390074867,492.9662163,7.670843858,-0.527428564,9.326466007,0.95490222,2009,FALSE,FALSE,TRUE
BEL,56,513.1883984,3.420433225,484.7958426,10.69182238,-28.39255582,12.7380514,0.025816834,2009,FALSE,TRUE,FALSE
BRA,76,395.571763,3.806967647,416.576247,3.81199916,21.00448402,5.746880518,0.000257246,2009,TRUE,FALSE,FALSE
BGR,100,416.0122961,7.330936613,476.699246,8.502112388,60.68694991,11.31691568,8.20784E-08,2009,TRUE,FALSE,FALSE
CAN,124,526.3239879,2.130637447,531.1490471,2.91298526,4.825059228,3.834036058,0.208218072,2009,FALSE,FALSE,TRUE
CHL,152,434.654876,5.44818032,455.4181255,4.559318563,20.76324951,8.197000997,0.011308127,2009,TRUE,FALSE,FALSE
QCN,156,0,,574.6173491,2.302368624,0,,,2009,N/A,N/A,N/A
TAP,158,505.8700367,4.512170785,529.7340289,3.846057369,23.86399221,6.470729402,0.000226032,2009,TRUE,FALSE,FALSE
COL,170,386.8831204,4.992771461,418.2121735,4.874954363,31.32905311,6.778579732,3.80475E-06,2009,TRUE,FALSE,FALSE
CRI,188,428.3494278,3.26222052,440.3826931,8.003212857,12.03326527,9.250452409,0.193316678,2009,FALSE,FALSE,TRUE
HRV,191,478.5376035,3.241445212,500.0116816,6.052784075,21.47407806,7.146725134,0.002658046,2009,TRUE,FALSE,FALSE
CZE,203,495.1049921,3.218156453,523.1457807,11.21483056,28.04078869,12.06257838,0.020092831,2009,TRUE,FALSE,FALSE
DNK,208,501.028695,2.789841174,490.9722576,6.080424233,-10.05643742,6.651957899,0.130584464,2009,FALSE,FALSE,TRUE
DOM,214,,,,,,,,2009,N/A,N/A,N/A
EST,233,523.3407888,3.074417149,540.4202317,5.265864253,17.07944291,6.137054124,0.005385823,2009,TRUE,FALSE,FALSE
FIN,246,552.1638335,2.414284476,559.5855462,5.686979278,7.421712689,6.208921402,0.231957955,2009,FALSE,FALSE,TRUE
FRA,250,,,,,,,,2009,N/A,N/A,N/A
GEO,268,365.0256985,3.684294812,387.6638018,6.642729373,22.63810332,8.177072099,0.005631754,2009,TRUE,FALSE,FALSE
DEU,276,526.1115828,3.883780783,505.2540058,10.76052629,-20.85757705,12.56980531,0.097047358,2009,FALSE,FALSE,TRUE
GRC,300,467.4990189,5.384789652,477.7065768,6.537044729,10.20755796,9.312818878,0.273045484,2009,FALSE,FALSE,TRUE
HKG,344,0,,549.1227895,2.774578642,0,,,2009,N/A,N/A,N/A
HUN,348,489.8033846,5.730928698,520.9096106,6.280550873,31.10622602,9.863272304,0.00161191,2009,TRUE,FALSE,FALSE
ISL,352,489.2435146,1.65936627,502.881155,2.645263648,13.63764038,3.155757733,1.54965E-05,2009,TRUE,FALSE,FALSE
QHP,356,340.7491869,3.356992274,377.4240999,17.07238362,36.67491305,17.69753439,0.038235827,2009,TRUE,FALSE,FALSE
IDN,360,375.3650254,3.934602838,411.4595628,8.052234632,36.09453737,9.120072995,7.56741E-05,2009,TRUE,FALSE,FALSE
IRL,372,505.5590084,4.173905999,509.4389608,7.987263557,3.879952348,9.43904668,0.68103337,2009,FALSE,FALSE,TRUE
ISR,376,444.0075767,5.598829061,474.2120859,6.200785934,30.20450924,9.44780855,0.001388718,2009,TRUE,FALSE,FALSE
ITA,380,486.7822058,2.643412142,493.8241516,4.869633474,7.041945758,6.440486141,0.274223787,2009,FALSE,FALSE,TRUE
JPN,392,527.1344035,8.400747127,544.8495812,4.581439279,17.71517768,10.80484955,0.101097099,2009,FALSE,FALSE,TRUE
KAZ,398,384.5623203,4.329105936,424.7902485,5.624899625,40.22792827,7.622871671,1.31125E-07,2009,TRUE,FALSE,FALSE
JOR,400,404.710256,4.768000395,430.0726537,5.311984622,25.36239778,7.081930735,0.000341911,2009,TRUE,FALSE,FALSE
KOR,410,522.7688794,13.25101726,540.4901495,3.282306735,17.7212701,13.71847544,0.196432892,2009,FALSE,FALSE,TRUE
KSV,411,,,,,,,,2009,N/A,N/A,N/A
KGZ,417,316.7448428,3.060513404,402.951893,9.010497734,86.20705023,9.408362342,5.05625E-20,2009,TRUE,FALSE,FALSE
LBN,422,,,,,,,,2009,N/A,N/A,N/A
LVA,428,488.4456731,3.135074649,508.4352863,7.146550437,19.9896132,7.792608865,0.010311586,2009,TRUE,FALSE,FALSE
LIE,438,519.9141675,3.424309105,0,,0,,,2009,N/A,N/A,N/A
LTU,440,483.2746695,2.946648076,505.3127771,6.050522788,22.03810758,6.582387394,0.000813848,2009,TRUE,FALSE,FALSE
LUX,442,479.3981331,1.225957629,0,,0,,,2009,N/A,N/A,N/A
MAC,446,0,,511.0695978,1.034302875,0,,,2009,N/A,N/A,N/A
MYS,458,416.3025116,2.975855084,434.0701338,5.652559235,17.76762218,6.637545275,0.007432094,2009,TRUE,FALSE,FALSE
MLT,470,460.3535609,1.735254743,0,,0,,,2009,N/A,N/A,N/A
MUS,480,418.8244084,1.191505342,395.7843052,3.285677218,-23.04010315,3.544964189,8.06466E-11,2009,FALSE,TRUE,FALSE
MEX,484,394.7289605,2.491418394,441.4063422,2.557690633,46.67738176,3.880048987,2.46858E-33,2009,TRUE,FALSE,FALSE
MDA,498,402.0727726,3.650247582,463.4733121,6.348360457,61.40053959,7.515408607,3.08508E-16,2009,TRUE,FALSE,FALSE
MNE,499,398.6288024,1.344512437,407.4841486,6.547024491,8.855346159,6.781186026,0.191596832,2009,FALSE,FALSE,TRUE
NLD,528,519.1720487,5.966118673,528.325587,12.1808506,9.153538325,12.98407407,0.480821447,2009,FALSE,FALSE,TRUE
NZL,554,524.6877917,4.988820573,537.8584551,4.523627912,13.17066349,7.880155739,0.094648427,2009,FALSE,FALSE,TRUE
NOR,578,496.7894653,2.437779688,510.5729007,7.518423637,13.78343545,7.785170998,0.07664837,2009,FALSE,FALSE,TRUE
PAN,591,354.7129028,7.157208609,423.2530271,10.32454197,68.54012424,12.6556874,6.103E-08,2009,TRUE,FALSE,FALSE
PER,604,340.592339,3.484161075,416.5875543,6.0405446,75.99521535,7.16101373,2.61086E-26,2009,TRUE,FALSE,FALSE
POL,616,503.5419387,2.52241484,523.7458171,6.237553209,20.20387846,6.716047038,0.002627144,2009,TRUE,FALSE,FALSE
PRT,620,484.1809154,3.195231257,524.7612967,6.620652934,40.58038128,7.384183485,3.89425E-08,2009,TRUE,FALSE,FALSE
QUD,630,,,,,,,,2009,N/A,N/A,N/A
QAT,634,349.0474919,1.154485646,421.2117948,1.415672655,72.16430286,1.82778271,0,2009,TRUE,FALSE,FALSE
ROU,642,419.8027256,4.67600502,442.4161291,7.456647864,22.61340342,9.839598422,0.021550187,2009,TRUE,FALSE,FALSE
RUS,643,465.0967483,4.485403764,493.7623213,4.640161066,28.665573,6.581527573,1.32788E-05,2009,TRUE,FALSE,FALSE
SRB,688,429.9869687,3.984599429,456.516883,4.334294009,26.52991425,6.896922119,0.000119753,2009,TRUE,FALSE,FALSE
SGP,702,0,,541.6955181,1.362796104,0,,,2009,N/A,N/A,N/A
SVK,703,486.8997207,3.424374887,506.26525,8.634957386,19.36552933,9.572452138,0.043068208,2009,TRUE,FALSE,FALSE
VNM,704,,,,,,,,2009,N/A,N/A,N/A
SVN,705,509.3094622,1.429126587,515.9419835,2.224031023,6.632521251,2.78002367,0.017043003,2009,TRUE,FALSE,FALSE
ESP,724,481.2505426,2.437460358,501.5681828,4.422507144,20.31764016,5.26189442,0.000112795,2009,TRUE,FALSE,FALSE
SWE,752,493.1675322,2.778094987,499.3962556,8.047137001,6.228723366,8.779039125,0.478014597,2009,FALSE,FALSE,TRUE
CHE,756,513.4581265,3.22231814,535.0198096,9.784802071,21.56168311,10.80571809,0.045999743,2009,TRUE,FALSE,FALSE
THA,764,415.8190087,3.496666853,453.7974922,7.225446997,37.97848351,8.363750538,5.60296E-06,2009,TRUE,FALSE,FALSE
TTO,780,413.7824774,1.249962901,0,,0,,,2009,N/A,N/A,N/A
ARE,784,416.9250592,3.183791317,454.9966012,4.764042255,38.07154199,6.087611674,4.00232E-10,2009,TRUE,FALSE,FALSE
TUN,788,391.7318426,3.150363435,439.1331402,7.935918369,47.40129764,9.653351899,9.09158E-07,2009,TRUE,FALSE,FALSE
TUR,792,445.676768,6.629393022,459.5724899,5.28930889,13.89572189,9.416785818,0.140042385,2009,FALSE,FALSE,TRUE
MKD,807,,,,,,,,2009,N/A,N/A,N/A
GBR,826,520.0844992,3.038601131,504.2567038,7.728760436,-15.82779543,9.003880772,0.078766918,2009,FALSE,FALSE,TRUE
USA,840,507.4175981,3.720414932,493.3535251,7.952519786,-14.064073,8.910817004,0.114493343,2009,FALSE,FALSE,TRUE
URY,858,412.9747842,3.560191939,445.6406183,4.25150706,32.66583415,5.921296178,3.45484E-08,2009,TRUE,FALSE,FALSE
QVE,862,375.9316269,7.850319638,455.9271838,6.200162733,79.99555684,10.07553877,2.02865E-15,2009,TRUE,FALSE,FALSE
QCH,970,,,,,,,,2009,N/A,N/A,N/A
QES,971,,,,,,,,2009,N/A,N/A,N/A
QUC,972,,,,,,,,2009,N/A,N/A,N/A
QUE,973,,,,,,,,2009,N/A,N/A,N/A
QAR,974,,,,,,,,2009,N/A,N/A,N/A
ALB,8,,,,,,,,2006,N/A,N/A,N/A
DZA,12,,,,,,,,2006,N/A,N/A,N/A
AZE,31,377.9300919,3.150131383,398.8737646,6.152521412,20.94367274,6.995527359,0.002754667,2006,TRUE,FALSE,FALSE
ARG,32,380.255242,8.63316866,409.0993222,9.478840085,28.84408014,13.99645363,0.039320839,2006,TRUE,FALSE,FALSE
AUS,36,512.6578455,3.246217962,536.1478502,3.113943921,23.49000467,4.363090113,7.29295E-08,2006,TRUE,FALSE,FALSE
AUT,40,506.1299424,5.036658379,520.6710966,9.468338571,14.54115419,11.66865072,0.212700993,2006,FALSE,FALSE,TRUE
BEL,56,517.4541885,3.23088624,486.7274414,12.56268452,-30.7267471,14.4060832,0.032932861,2006,FALSE,TRUE,FALSE
BRA,76,378.3812048,4.084643147,408.3101696,4.928701409,29.92896479,6.864938269,1.3025E-05,2006,TRUE,FALSE,FALSE
BGR,100,414.876016,6.743518876,469.1747179,11.54833076,54.29870198,13.19170237,3.85295E-05,2006,TRUE,FALSE,FALSE
CAN,124,533.7246531,2.513855732,537.5117284,3.548899299,3.787075298,4.429620509,0.392582423,2006,FALSE,FALSE,TRUE
CHL,152,412.0189322,7.176542599,455.7247996,4.334652799,43.70586736,8.826677586,7.3619E-07,2006,TRUE,FALSE,FALSE
QCN,156,,,,,,,,2006,N/A,N/A,N/A
TAP,158,509.0179695,7.381752597,544.7828401,5.19416399,35.76487062,10.78376859,0.000911374,2006,TRUE,FALSE,FALSE
COL,170,376.814257,4.34221069,401.3717238,5.491813614,24.55746678,7.026658353,0.00047424,2006,TRUE,FALSE,FALSE
CRI,188,,,,,,,,2006,N/A,N/A,N/A
HRV,191,485.0019425,3.343502388,507.495986,4.390153756,22.49404349,5.939059917,0.000152186,2006,TRUE,FALSE,FALSE
CZE,203,506.4018913,4.583236915,535.7770619,10.88947616,29.37517059,12.84961675,0.022249949,2006,TRUE,FALSE,FALSE
DNK,208,494.7824202,2.976452078,506.747637,10.36495973,11.96521684,10.08430344,0.235417434,2006,FALSE,FALSE,TRUE
DOM,214,,,,,,,,2006,N/A,N/A,N/A
EST,233,528.5145512,2.962695646,538.7652229,5.064102024,10.25067169,5.90876019,0.082771603,2006,FALSE,FALSE,TRUE
FIN,246,562.0025883,2.206492382,568.3483726,5.598035274,6.345784284,6.146850423,0.301901844,2006,FALSE,FALSE,TRUE
FRA,250,,,,,,,,2006,N/A,N/A,N/A
GEO,268,,,,,,,,2006,N/A,N/A,N/A
DEU,276,518.9950803,4.874495589,509.8492049,11.07522664,-9.145875406,13.57283648,0.500415136,2006,FALSE,FALSE,TRUE
GRC,300,464.6563557,5.246753316,489.2422623,6.647913731,24.58590656,9.954208535,0.013515057,2006,TRUE,FALSE,FALSE
HKG,344,,,,,,,,2006,N/A,N/A,N/A
HUN,348,495.7326104,5.603293794,515.2592972,5.867751741,19.52668682,9.967682975,0.050112835,2006,FALSE,FALSE,TRUE
ISL,352,490.9553839,1.916766598,488.9663802,2.836860496,-1.989003738,3.254702699,0.54112221,2006,FALSE,FALSE,TRUE
QHP,356,,,,,,,,2006,N/A,N/A,N/A
IDN,360,384.6477957,3.493230233,433.3880334,14.45330431,48.74023763,14.26074811,0.000631319,2006,TRUE,FALSE,FALSE
IRL,372,505.2567872,3.325272266,515.0662665,7.980898431,9.809479367,8.697354659,0.259375118,2006,FALSE,FALSE,TRUE
ISR,376,450.8753295,5.672437351,458.7582385,7.665668042,7.882909061,10.74605911,0.463215248,2006,FALSE,FALSE,TRUE
ITA,380,468.6385228,3.260844745,495.1748287,5.259155206,26.53630582,7.233619224,0.000244008,2006,TRUE,FALSE,FALSE
JPN,392,522.3252373,7.959636603,536.2485649,5.134496407,13.9233276,11.0665204,0.208338005,2006,FALSE,FALSE,TRUE
KAZ,398,,,,,,,,2006,N/A,N/A,N/A
JOR,400,408.9582149,4.103341643,441.719717,4.873697442,32.76150217,6.91631595,2.17073E-06,2006,TRUE,FALSE,FALSE
KOR,410,493.0449903,7.722120679,527.2879928,3.678913858,34.24300251,8.483904437,5.43166E-05,2006,TRUE,FALSE,FALSE
KSV,411,,,,,,,,2006,N/A,N/A,N/A
KGZ,417,310.1072499,3.051080137,391.4677721,8.250450759,81.36052224,8.855767167,4.02854E-20,2006,TRUE,FALSE,FALSE
LBN,422,,,,,,,,2006,N/A,N/A,N/A
LVA,428,484.1130751,3.144459922,500.6299795,5.995990128,16.51690434,6.529949002,0.011425517,2006,TRUE,FALSE,FALSE
LIE,438,527.9800812,4.301101284,0,,0,,,2006,N/A,N/A,N/A
LTU,440,479.0527103,3.213461805,502.0269958,5.264998561,22.9742855,6.42776936,0.000351269,2006,TRUE,FALSE,FALSE
LUX,442,485.6346707,1.101191185,0,,0,,,2006,N/A,N/A,N/A
MAC,446,497.862623,2.47477573,513.4541395,1.160417507,15.59151652,2.715161135,9.3349E-09,2006,TRUE,FALSE,FALSE
MYS,458,,,,,,,,2006,N/A,N/A,N/A
MLT,470,,,,,,,,2006,N/A,N/A,N/A
MUS,480,,,,,,,,2006,N/A,N/A,N/A
MEX,484,382.9189511,3.477559387,436.7281955,3.693673583,53.80924436,5.348001229,8.1692E-24,2006,TRUE,FALSE,FALSE
MDA,498,,,,,,,,2006,N/A,N/A,N/A
MNE,499,409.8061359,1.223324709,415.6890164,2.543335295,5.882880502,3.02095644,0.051491956,2006,FALSE,FALSE,TRUE
NLD,528,522.2205425,3.957906763,532.5573481,11.56373324,10.33680567,14.1757058,0.465884466,2006,FALSE,FALSE,TRUE
NZL,554,522.4016706,4.442898934,537.3048249,4.150097874,14.90315431,6.596163716,0.023860568,2006,TRUE,FALSE,FALSE
NOR,578,484.5820513,3.484274523,494.7614691,9.366435562,10.17941789,10.28935932,0.32250903,2006,FALSE,FALSE,TRUE
PAN,591,,,,,,,,2006,N/A,N/A,N/A
PER,604,,,,,,,,2006,N/A,N/A,N/A
POL,616,491.3760349,2.481459716,518.3563309,5.801212727,26.98029591,6.327469451,2.00804E-05,2006,TRUE,FALSE,FALSE
PRT,620,468.6143026,3.818392974,493.7909839,10.51042472,25.17668133,12.30636578,0.040773507,2006,TRUE,FALSE,FALSE
QUD,630,,,,,,,,2006,N/A,N/A,N/A
QAT,634,343.7945783,1.042426563,375.4742686,1.685797984,31.67969036,1.976469156,8.09057E-58,2006,TRUE,FALSE,FALSE
ROU,642,399.8998365,4.606012912,436.8019761,7.588741578,36.90213964,9.621424254,0.000125353,2006,TRUE,FALSE,FALSE
RUS,643,468.4050185,4.447185326,496.1518429,4.734317726,27.74682443,5.542655718,5.55577E-07,2006,TRUE,FALSE,FALSE
SRB,688,425.7000263,4.114878388,451.123191,5.712842174,25.42316469,7.76178847,0.001055027,2006,TRUE,FALSE,FALSE
SGP,702,,,,,,,,2006,N/A,N/A,N/A
SVK,703,485.3820621,3.147148926,509.9711109,14.79566207,24.58904871,16.05733866,0.125688404,2006,FALSE,FALSE,TRUE
VNM,704,,,,,,,,2006,N/A,N/A,N/A
SVN,705,512.0578806,1.503319526,530.6150328,1.884001419,18.55715216,2.552672622,3.60299E-13,2006,TRUE,FALSE,FALSE
ESP,724,481.6279394,2.742180579,499.0533541,4.88441906,17.42541472,5.578866293,0.001787328,2006,TRUE,FALSE,FALSE
SWE,752,501.610189,2.567495515,509.3248872,5.454939743,7.714698148,5.763920623,0.180750999,2006,FALSE,FALSE,TRUE
CHE,756,509.9173433,3.074589754,520.6771572,13.25424957,10.75981396,13.64836591,0.430486666,2006,FALSE,FALSE,TRUE
THA,764,410.2355394,3.02138418,452.4512863,7.328723916,42.21574684,8.783180944,1.53649E-06,2006,TRUE,FALSE,FALSE
TTO,780,,,,,,,,2006,N/A,N/A,N/A
ARE,784,,,,,,,,2006,N/A,N/A,N/A
TUN,788,380.0383079,2.79852823,413.4801975,13.65670504,33.4418896,14.68863216,0.022803004,2006,TRUE,FALSE,FALSE
TUR,792,411.0607593,5.807098462,436.7316719,7.067806943,25.67091253,10.47313059,0.014241199,2006,TRUE,FALSE,FALSE
MKD,807,,,,,,,,2006,N/A,N/A,N/A
GBR,826,523.5451361,2.888602501,502.3710616,7.583115271,-21.17407443,9.025400915,0.018973378,2006,FALSE,TRUE,FALSE
USA,840,499.8364528,3.661869596,471.805722,9.622951312,-28.03073077,10.51891175,0.007703554,2006,FALSE,TRUE,FALSE
URY,858,419.8663024,3.899404878,439.6003756,3.920604279,19.73407325,5.73069278,0.000574076,2006,TRUE,FALSE,FALSE
QVE,862,,,,,,,,2006,N/A,N/A,N/A
QCH,970,,,,,,,,2006,N/A,N/A,N/A
QES,971,,,,,,,,2006,N/A,N/A,N/A
QUC,972,,,,,,,,2006,N/A,N/A,N/A
QUE,973,,,,,,,,2006,N/A,N/A,N/A
QAR,974,,,,,,,,2006,N/A,N/A,N/A
